address	block_hex	block_hash	transaction_hash	log_index_hex	key	data_hex	removed
0x7a5fd5cf045e010e62147f065ceae59e5344b188	0x18cbca8	0x42f11cd4eaf5de325e326d401cafb5e14a9e9e119e549bd174cc10480c881b8e	0xd194c431942a034bbde625770bc57e94607db7d554ea131dc3c2bc57a925324e	0x2ad	0xcb0537d5e5dba65a8edbac12555995860e5b8e1b70996011edb1ca8173e56d3c	0x0000000000000000000000000000000000000000000002d7d53f8dd82940a0000000000000000000000000000000000000000000033b2e3c9fd0803ce80000000000000000000000000000000000000000000000033b2b64ca90f264bebf6000	false
0x7a5fd5cf045e010e62147f065ceae59e5344b188	0x18cbcb7	0x441aeedfa92cd7a977ae553c0224b32986620ac65b3c9a9a3eb40bb6d57a578e	0x505209ea91cf27ea1c09377a564a57740691570d33a5a6e00039f31280e38d6a	0x6c	0xcb0537d5e5dba65a8edbac12555995860e5b8e1b70996011edb1ca8173e56d3c	0x000000000000000000000000000000000000000000000168d763585716ef485b0000000000000000000000000000000000000000033b2e3c9fd0803ce80000000000000000000000000000000000000000000000033b2cd3c86d27e5d110b7a5	false
0x7a5fd5cf045e010e62147f065ceae59e5344b188	0x18cbce0	0x111a5e05862e0c0afffdcc8b53aaac25ff5b3d0c173e442f53c1da4da03f022d	0x1f3008e1667fdfa4f271eb884d38a08d2c5c616a7619b4ca0c492c19246e8d65	0x16f	0xcb0537d5e5dba65a8edbac12555995860e5b8e1b70996011edb1ca8173e56d3c	0x0000000000000000000000000000000000000000000004ee122d4acda4e3a7220000000000000000000000000000000000000000033b2e3c9fd0803ce80000000000000000000000000000000000000000000000033b294e8da3356f431c58de	false
0x7a5fd5cf045e010e62147f065ceae59e5344b188	0x18cbdc6	0x1717391509e90888225d4b7ae190879e021e5268eb289a66f4a2c669be783d17	0x5b89d074fab0fd3654f573c6a7b7a2317e3d64037aca96a77857e3bda7c4ab96	0x2b6	0xcb0537d5e5dba65a8edbac12555995860e5b8e1b70996011edb1ca8173e56d3c	0x000000000000000000000000000000000000000000001d372c6bcd554364d0000000000000000000000000000000000000000000033b2e3c9fd0803ce80000000000000000000000000000000000000000000000033b11057364b2e7a49b3000	false
0x7a5fd5cf045e010e62147f065ceae59e5344b188	0x18cbebf	0x31d53b51af0a31c8f9f92a89b6bc050487397eca5351d8b1f67d78c2dee14684	0x73e4eaf9996be60aced5ad591770ee70d550063180fbc2c6ba8100e085da733a	0x5b	0xcb0537d5e5dba65a8edbac12555995860e5b8e1b70996011edb1ca8173e56d3c	0x000000000000000000000000000000000000000000002d1bf162afb4bcf88ac80000000000000000000000000000000000000000033b2e3c9fd0803ce80000000000000000000000000000000000000000000000033b0120ae6dd0882b077538	false
0x7a5fd5cf045e010e62147f065ceae59e5344b188	0x18cbeff	0x7bd8c191d2e6a025acda07a30f71a43d0c5574b2a863772f35ec847e5e128298	0x847578d6131e38757e0042dd9b05c383d91faaf3cbebf7f57167ed29c9b0042a	0xdc	0xcb0537d5e5dba65a8edbac12555995860e5b8e1b70996011edb1ca8173e56d3c	0x00000000000000000000000000000000000000000000175e4b13044ed65e32cd0000000000000000000000000000000000000000033b2e3c9fd0803ce80000000000000000000000000000000000000000000000033b16de54bd7bee11a1cd33	false
0x7a5fd5cf045e010e62147f065ceae59e5344b188	0x18cbf52	0x918bf13f83ec6e8b02f5861c184f27db463fe685456a07c1992f13723d6e1c35	0x575e21da201b3487784234aec21348d307240e7b1e50ca06d9be917cd3fc1f76	0xc1	0xcb0537d5e5dba65a8edbac12555995860e5b8e1b70996011edb1ca8173e56d3c	0x0000000000000000000000000000000000000000000005695fd49152850760000000000000000000000000000000000000000000033b2e3c9fd0803ce80000000000000000000000000000000000000000000000033b28d33ffbeeea62f8a000	false
0x7a5fd5cf045e010e62147f065ceae59e5344b188	0x18cbf6d	0x26ca873e2dc5f37c1011a0d31842f7a32693704ff6edc02b964417b9443ee5d9	0x154e6e07f2c7bcc247eee2b51e87596ad39f9a088d8acf0455c8e654566c9fec	0x216	0xcb0537d5e5dba65a8edbac12555995860e5b8e1b70996011edb1ca8173e56d3c	0x0000000000000000000000000000000000000000000018889b1e8bdc6ce040000000000000000000000000000000000000000000033b2e3c9fd0803ce80000000000000000000000000000000000000000000000033b15b404b1f4607b1fc000	false
0x7a5fd5cf045e010e62147f065ceae59e5344b188	0x18cbf8d	0xb8f0ad6b2cb1a08202efbb21c0b6e2185b2a6b5cda3b2ee8762262cf802a2114	0x07144e7060c93d3109396370d0596f579730b77786ade101a57cc28a9a8ff68e	0x1a2	0xcb0537d5e5dba65a8edbac12555995860e5b8e1b70996011edb1ca8173e56d3c	0x000000000000000000000000000000000000000000004e6bf9dcbdf76fd6a0000000000000000000000000000000000000000000033b2e3c9fd0803ce80000000000000000000000000000000000000000000000033adfd0a5f3c24578296000	false
0x7a5fd5cf045e010e62147f065ceae59e5344b188	0x18cbfac	0xe30dd7ef7999ccf0d7cc853a4b045bc967502211a0a0ba29f561f90eb46202cd	0x34c855cee4a4737c3ccbc6abe850e617505793aa2911dc172092ad10d09f03f4	0x181	0xcb0537d5e5dba65a8edbac12555995860e5b8e1b70996011edb1ca8173e56d3c	0x000000000000000000000000000000000000000000000303136f624f1ceb4cb00000000000000000000000000000000000000000033b2e3c9fd0803ce80000000000000000000000000000000000000000000000033b2b398c611dedcb14b350	false
0x7a5fd5cf045e010e62147f065ceae59e5344b188	0x18cbfd1	0xe249e70c5f052e6df60578dbd3042b9a8db6ac72bcc6b3b651f3e6f1c614ab06	0x053bcbe87f82eb8e6af363eb3d661626b14ca24016ceba3b2ab6f67e767a05af	0x15e	0xcb0537d5e5dba65a8edbac12555995860e5b8e1b70996011edb1ca8173e56d3c	0x0000000000000000000000000000000000000000000005384d7e2ab026c4e0000000000000000000000000000000000000000000033b2e3c9fd0803ce80000000000000000000000000000000000000000000000033b29045252558cc13b2000	false
0x7a5fd5cf045e010e62147f065ceae59e5344b188	0x18cbff1	0x9617fcbc137a16a25c2221791af37ca9e980adae3163cf0068a0345112650e59	0xc102b2d5346f8628d2cb127a2d4aeed8063cdb414563b127d653bdc6d039c947	0x1ab	0xcb0537d5e5dba65a8edbac12555995860e5b8e1b70996011edb1ca8173e56d3c	0x0000000000000000000000000000000000000000000056c11da6c9b4768e3e170000000000000000000000000000000000000000033b2e3c9fd0803ce80000000000000000000000000000000000000000000000033ad77b8229b6887171c1e9	false
0x7a5fd5cf045e010e62147f065ceae59e5344b188	0x18cc000	0x5b38bb42730d500fd2a08fd05291ffbc5afd4eec1b2cff69d51aa5afa077ddc3	0xa4bdd5330cf5f859edce5e3827acfa7e1d13b66622150ddcb2ee11d7f80274f1	0x72	0xcb0537d5e5dba65a8edbac12555995860e5b8e1b70996011edb1ca8173e56d3c	0x0000000000000000000000000000000000000000000095871c7c521802f0e3620000000000000000000000000000000000000000033b2e3c9fd0803ce80000000000000000000000000000000000000000000000033a98b583542e24e50f1c9e	false
0x7a5fd5cf045e010e62147f065ceae59e5344b188	0x18cc010	0xa3523d6060ab70b5201b8f84da5ca9f6ac3f383c2533169a6ba0dd10f3c6f427	0x037138bffb4a777b5f4e02a8f5fcb9265090ac1f898433d3b5b92a0f5203f1ad	0x145	0xcb0537d5e5dba65a8edbac12555995860e5b8e1b70996011edb1ca8173e56d3c	0x000000000000000000000000000000000000000000006d80261fa0810d0750000000000000000000000000000000000000000000033b2e3c9fd0803ce80000000000000000000000000000000000000000000000033ac0bc79b0dfbbdaf8b000	false
0x7a5fd5cf045e010e62147f065ceae59e5344b188	0x18cc02f	0x35ec879cb8ee4087c68370e0380d956f4d62c0264448e4d818fb057867aeb1ad	0x5b4c926011458c7adad58dca498df39d33c75285b7419748b9fde7dc14a8f3f4	0x18d	0xcb0537d5e5dba65a8edbac12555995860e5b8e1b70996011edb1ca8173e56d3c	0x00000000000000000000000000000000000000000000158862d80818b858a0000000000000000000000000000000000000000000033b2e3c9fd0803ce80000000000000000000000000000000000000000000000033b18b43cf878242fa76000	false
0x7a5fd5cf045e010e62147f065ceae59e5344b188	0x18cc03e	0x3f2f0ab866da4dfe6c96ac7a5603ebb77370fa365a32b81524f63aef09fc47cb	0x20f9668b3953b4bc24abc4165f852df0347accc951f321e2214940f4ffd4e406	0xe7	0xcb0537d5e5dba65a8edbac12555995860e5b8e1b70996011edb1ca8173e56d3c	0x0000000000000000000000000000000000000000000002c0bb3dd30c4e2000000000000000000000000000000000000000000000033b2e3c9fd0803ce80000000000000000000000000000000000000000000000033b2b7be492ad3099e00000	false
0x7a5fd5cf045e010e62147f065ceae59e5344b188	0x18cc090	0x77ddd0162fbd8c56c5a1f69ac6cdf9a94a55765f1967144b2a327750b107fe5b	0x1ee937ed003fa97d4787a0936655abd80aaf5375f042b93cc07d9b616079ec88	0x14d	0xcb0537d5e5dba65a8edbac12555995860e5b8e1b70996011edb1ca8173e56d3c	0x0000000000000000000000000000000000000000000003722a596b1b740c50000000000000000000000000000000000000000000033b2e3c9fd0803ce80000000000000000000000000000000000000000000000033b2aca7577152173f3b000	false
0x7a5fd5cf045e010e62147f065ceae59e5344b188	0x18cc0b0	0xde430886ad01114b11c6431b87cc434d6bc26d37b0cd8cd76db6b3989aa38df4	0x894d647c373b9b75314b21cbcd36497927a385ce12e577052549228f4a88f0ca	0x341	0xcb0537d5e5dba65a8edbac12555995860e5b8e1b70996011edb1ca8173e56d3c	0x0000000000000000000000000000000000000000000042dc9e3aa582ad5a50000000000000000000000000000000000000000000033b2e3c9fd0803ce80000000000000000000000000000000000000000000000033aeb600195daba3aa5b000	false
0x7a5fd5cf045e010e62147f065ceae59e5344b188	0x18cc0cc	0x9731c85b6ddbb570ea3578f4d90b1a7f065fe8ad4390c75eb076f17fca5c5d4c	0x910fc526cadcd886d25f2edca96157d79b215d76e4a3493887d108ef8e379264	0x257	0xcb0537d5e5dba65a8edbac12555995860e5b8e1b70996011edb1ca8173e56d3c	0x0000000000000000000000000000000000000000000023b32e1c5713fa4ac0000000000000000000000000000000000000000000033b2e3c9fd0803ce80000000000000000000000000000000000000000000000033b0a8971b42928edb54000	false
0x7a5fd5cf045e010e62147f065ceae59e5344b188	0x18cc114	0x6d4567fb5bb0da02f36dbe3d55bb3fe418f24fe6128061c14f23d551290668dd	0x379457b4e61a5577535f947c1d9814d235a6e405ef02590fa62be1c6f1b97c88	0x498	0xcb0537d5e5dba65a8edbac12555995860e5b8e1b70996011edb1ca8173e56d3c	0x000000000000000000000000000000000000000000001d6958d1572cd3d28e880000000000000000000000000000000000000000033b2e3c9fd0803ce80000000000000000000000000000000000000000000000033b10d346ff2910142d7178	false
0x7a5fd5cf045e010e62147f065ceae59e5344b188	0x18cc123	0x76cd741062e76faaaaa32ef8e13ebb45eb8301db8838e25cb9893364448f1593	0x24fb3c501c82dfdfdb819c0791178bcb92f945b1bee81f39048416a9ae6a61ca	0xd2	0xcb0537d5e5dba65a8edbac12555995860e5b8e1b70996011edb1ca8173e56d3c	0x00000000000000000000000000000000000000000000146a796bb6e4901290000000000000000000000000000000000000000000033b2e3c9fd0803ce80000000000000000000000000000000000000000000000033b19d22664c95857ed7000	false
0x7a5fd5cf045e010e62147f065ceae59e5344b188	0x18cc13e	0x988ed29552688367e0fa3a7b817037a871839b580eaf5d974f05e8f5e0574262	0x4e4e7c3b463cc1a619e66c98353fbb82fdf99d92610295f106b0dd47a6726b1b	0x1a4	0xcb0537d5e5dba65a8edbac12555995860e5b8e1b70996011edb1ca8173e56d3c	0x00000000000000000000000000000000000000000000099b7fe92e0d923120000000000000000000000000000000000000000000033b2e3c9fd0803ce80000000000000000000000000000000000000000000000033b24a11fe7522f55cee000	false
0x7a5fd5cf045e010e62147f065ceae59e5344b188	0x18cc15c	0x4998feb62bf85f734cc09e015d4af92ef84669172cf5528df0bde8c0dda74555	0x299e6fb11e7eeec5b0216a2d9abd0ce5c47855c6b9027c8ed92535cef325889f	0xd0	0xcb0537d5e5dba65a8edbac12555995860e5b8e1b70996011edb1ca8173e56d3c	0x00000000000000000000000000000000000000000002fe8dfa04abf07a33a0000000000000000000000000000000000000000000033b2e3c9fd0803ce8000000000000000000000000000000000000000000000003382faea5cbd44c6dcc6000	false
0x7a5fd5cf045e010e62147f065ceae59e5344b188	0x18cc16b	0xeaf06ce9be1c05c8385cc03d8d4f49e45e2fa372de71a7fde13500ca784b21a9	0x209b3a76aa516174ae3634e5922d73f5659a885969fe879005edd254756023e7	0x15c	0xcb0537d5e5dba65a8edbac12555995860e5b8e1b70996011edb1ca8173e56d3c	0x000000000000000000000000000000000000000000000cb38bd6ee718837c13600000000000000000000000000000000000000000339e8d85fbaa9e627e1b54800000000000000000000000000000000000000000339dc24d3e3bb749fa9f412	false
0x7a5fd5cf045e010e62147f065ceae59e5344b188	0x18cc19e	0xade0e7f6a1badc8ecd2223d08208198fa599f7d9212ba8872e209fd7d398366e	0xd71c7929ad7f54a94543c575641657b5ad9539fcb60bbb038a5f161b1d4958d9	0x235	0xcb0537d5e5dba65a8edbac12555995860e5b8e1b70996011edb1ca8173e56d3c	0x000000000000000000000000000000000000000000000f468fe9b6f88e5250000000000000000000000000000000000000000000033b2e3c9fd0803ce80000000000000000000000000000000000000000000000033b1ef60fe6c94459adb000	false
0x7a5fd5cf045e010e62147f065ceae59e5344b188	0x18cc1bd	0xe342a134216b80d52124b25a785b4b7dc2069e6f7d993d2bc34320e282fa340d	0x8ba75471146e03631b97992144871326fb3bb7cf8e34f70488f2a9863563c41f	0x393	0xcb0537d5e5dba65a8edbac12555995860e5b8e1b70996011edb1ca8173e56d3c	0x00000000000000000000000000000000000000000001600aaa5a11a80b0ca0000000000000000000000000000000000000000000033b2e3c9fd0803ce800000000000000000000000000000000000000000000000339ce31f5766e94dcf36000	false
0x7a5fd5cf045e010e62147f065ceae59e5344b188	0x18cc1cc	0x93aa512b6d4089e92fecc3df3dbd2ebb2a3e13cdb6e011296e50f897a0dacb48	0xc490d39a110d8b8c713602d5226860ec96daf323122e94b2be5c941aba5b9127	0x12e	0xcb0537d5e5dba65a8edbac12555995860e5b8e1b70996011edb1ca8173e56d3c	0x00000000000000000000000000000000000000000000147c19a5fd0ff6bc40000000000000000000000000000000000000000000033b2e3c9fd0803ce80000000000000000000000000000000000000000000000033b19c0862a832cf143c000	false
0x7a5fd5cf045e010e62147f065ceae59e5344b188	0x18cc1dc	0x9784a9083eedc9b65510f7a953542a8d56b29a965175af384d2020ce96ac26e2	0x3e07164a913bdca2108dd2d283a09462c6f9bd21e338b9d6f31022824fbb7f9e	0x16a	0xcb0537d5e5dba65a8edbac12555995860e5b8e1b70996011edb1ca8173e56d3c	0x0000000000000000000000000000000000000000000041c44dbaa8338f4370000000000000000000000000000000000000000000033b2e3c9fd0803ce80000000000000000000000000000000000000000000000033aec785215d80958bc9000	false
0x7a5fd5cf045e010e62147f065ceae59e5344b188	0x18cc1f7	0xd6a83a97a123f1e52dd72c60b489bdad72338e17ce624fee16e8ee7ac13f554f	0xd3bd7fffae72d43dd5a49f735ab345bf6a168f52b6619a624902f4d3fb878f48	0x1df	0xcb0537d5e5dba65a8edbac12555995860e5b8e1b70996011edb1ca8173e56d3c	0x000000000000000000000000000000000000000000003f991ca0530ab52dc0000000000000000000000000000000000000000000033b2e3c9fd0803ce80000000000000000000000000000000000000000000000033aeea383302d3232d24000	false
0x7a5fd5cf045e010e62147f065ceae59e5344b188	0x18cc231	0xfe87b291a06c44f29dbd1c8b237b5245401c7cf3b1798a591cf31d105feea8f5	0x87afac1d12c669be11e21d3074b0ada80272f8aedf8f1adea611e797c7cb9f21	0x565	0xcb0537d5e5dba65a8edbac12555995860e5b8e1b70996011edb1ca8173e56d3c	0x00000000000000000000000000000000000000000000d4a3c08cddfaa26590000000000000000000000000000000000000000000033b2e3c9fd0803ce80000000000000000000000000000000000000000000000033a5998df43a242459a7000	false
0x7a5fd5cf045e010e62147f065ceae59e5344b188	0x18cc242	0xa20893b94a78529cee935df808e94dd180bda4f03dbdc19bb4d52b9be4d94c99	0xe27f7c04408b3462c2edb13700d0f011b3e8fbab542fd5de42f0b9e61ad641ed	0x614	0xcb0537d5e5dba65a8edbac12555995860e5b8e1b70996011edb1ca8173e56d3c	0x000000000000000000000000000000000000000000000f510fc39eaa3201f0000000000000000000000000000000000000000000033b2e3c9fd0803ce80000000000000000000000000000000000000000000000033b1eeb900ce192b5fe1000	false
0x7a5fd5cf045e010e62147f065ceae59e5344b188	0x18cc25f	0x198a9482d290a2647030f70a99c6a3ff5fe85e4fbac74b62afc624bc27dbdd21	0x89923a10870aa4f290f7c41038e7284445545afcd438d9f7083f7a3a9a4cf061	0x2dc	0xcb0537d5e5dba65a8edbac12555995860e5b8e1b70996011edb1ca8173e56d3c	0x000000000000000000000000000000000000000000004bdc43895b9349d610000000000000000000000000000000000000000000033b2e3c9fd0803ce80000000000000000000000000000000000000000000000033ae2605c4724a99e29f000	false
0x7a5fd5cf045e010e62147f065ceae59e5344b188	0x18cc26f	0x3c5a1cbcb30951021ffa0679274b0ca066efc9f02904a3c0df8ecc3d12ce8807	0xb3510cfb8c42836ce1a9d92c202a30cd28d4b3ebcc1d39e2da29c6a707c26fc9	0x220	0xcb0537d5e5dba65a8edbac12555995860e5b8e1b70996011edb1ca8173e56d3c	0x0000000000000000000000000000000000000000000004588c0ac0032ebd30000000000000000000000000000000000000000000033b2e3c9fd0803ce80000000000000000000000000000000000000000000000033b29e413c5c039b942d000	false
0x7a5fd5cf045e010e62147f065ceae59e5344b188	0x18cc289	0xbb3a895d55ee72624e9c9e41816ad9c34e08d6781472ec20801d3dcd9e2d6b7e	0xa711c8db1b96e59f1ee22d015d4cabd6015bcc63e2090f095843aa1dc92da926	0xdd	0xcb0537d5e5dba65a8edbac12555995860e5b8e1b70996011edb1ca8173e56d3c	0x00000000000000000000000000000000000000000000593e0419ec44fb13b0000000000000000000000000000000000000000000033b2e3c9fd0803ce80000000000000000000000000000000000000000000000033ad4fe9bb693f7ecec5000	false
0x7a5fd5cf045e010e62147f065ceae59e5344b188	0x18cc2ed	0x4e88d55c04cbe6f5d65bda6ab9d14c9efbcba893d506bea44faa574192ea2f34	0x9edbd7148ef985491227871e0ff06cae2db5297057c0474bcbd7fdf2e83f3459	0x1d5	0xcb0537d5e5dba65a8edbac12555995860e5b8e1b70996011edb1ca8173e56d3c	0x0000000000000000000000000000000000000000000004c59bd13e70e69a20000000000000000000000000000000000000000000033b2e3c9fd0803ce80000000000000000000000000000000000000000000000033b297703ff41cc0165e000	false
0x7a5fd5cf045e010e62147f065ceae59e5344b188	0x18cc2fd	0xcba9b3c06f9028b60c26c6ffe9c1cfc893771bfb7c40451404ffca357f9f7630	0x6a5545e77e5e246ead50e75ce7c7f42f6dda0fc14f26b7c6b1e7017b15c766f6	0x114	0xcb0537d5e5dba65a8edbac12555995860e5b8e1b70996011edb1ca8173e56d3c	0x00000000000000000000000000000000000000000000045e026a49b8947e30000000000000000000000000000000000000000000033b2e3c9fd0803ce80000000000000000000000000000000000000000000000033b29de9d6636845381d000	false
0x7a5fd5cf045e010e62147f065ceae59e5344b188	0x18cc320	0xd92ec31503913079726bb8073b814fb0a6ecf0ef38a763d4329182a37317c821	0x3df832e0f6ef76c7095cc047ef77bc5b8e326ae9e75d7ee962b67b6e901906b3	0x53c	0xcb0537d5e5dba65a8edbac12555995860e5b8e1b70996011edb1ca8173e56d3c	0x00000000000000000000000000000000000000000000045fd22b87d491c360000000000000000000000000000000000000000000033b2e3c9fd0803ce80000000000000000000000000000000000000000000000033b29dccda4f868563ca000	false
0x7a5fd5cf045e010e62147f065ceae59e5344b188	0x18cc330	0x7d7db151bda5f92c6280d2e41880c9a1d505bd2615274612410c791a6a6287ae	0xd1317182b2e82837cae979c722f7b6e5d9d181d88d6721bd6f7e1853731e026f	0x231	0xcb0537d5e5dba65a8edbac12555995860e5b8e1b70996011edb1ca8173e56d3c	0x0000000000000000000000000000000000000000000007b9fdf473968461c0000000000000000000000000000000000000000000033b2e3c9fd0803ce80000000000000000000000000000000000000000000000033b2682a1dc0ca6639e4000	false
0x7a5fd5cf045e010e62147f065ceae59e5344b188	0x18cc340	0x894b805ca9599381fce298060c008a11b4a79feaad65f2a9ea3c02defa57f47c	0x922e1f9c320572a22a52a729b893f537e0a4cf6d60f59ea5f0dc0c6678a136c0	0x25e	0xcb0537d5e5dba65a8edbac12555995860e5b8e1b70996011edb1ca8173e56d3c	0x000000000000000000000000000000000000000000000525f08740c95b26e0000000000000000000000000000000000000000000033b2e3c9fd0803ce80000000000000000000000000000000000000000000000033b2916af493f738cd92000	false
0x7a5fd5cf045e010e62147f065ceae59e5344b188	0x18cc387	0xbd2dfeb194b27bd9a489d5ed06f9ee51f6d12b23f502b063bcff7470b99b0760	0xec8296a22c66c583db7aaf273cdd6ffa0ebceb48188e7583219263733bc53832	0x18d	0xcb0537d5e5dba65a8edbac12555995860e5b8e1b70996011edb1ca8173e56d3c	0x0000000000000000000000000000000000000000000011da0f40eaae2e12f0c30000000000000000000000000000000000000000033b2e3c9fd0803ce80000000000000000000000000000000000000000000000033b1c62908f958eb9ed0f3d	false
0x7a5fd5cf045e010e62147f065ceae59e5344b188	0x18cc397	0xd8f9b63b57908e1ac6f022e57eb0828c083843b8536a264fe718a0d45aa119a8	0x4b603fcc2a09175c358cae9881ccebaaf5287bb25f946add1a797fdc14fc66d2	0x214	0xcb0537d5e5dba65a8edbac12555995860e5b8e1b70996011edb1ca8173e56d3c	0x00000000000000000000000000000000000000000000729985ea44b0229e0de20000000000000000000000000000000000000000033b2e3c9fd0803ce80000000000000000000000000000000000000000000000033abba319e63b8cc561f21e	false
0x7a5fd5cf045e010e62147f065ceae59e5344b188	0x18cc3c6	0x891afec92a95e816450d4a9cfee49ad592958f5542eaa10b5b70c9b6cc234f69	0x04e5346e069760666b95e99af562725f2e5320bfdc7a23912c9002eb61337f88	0x163	0xcb0537d5e5dba65a8edbac12555995860e5b8e1b70996011edb1ca8173e56d3c	0x0000000000000000000000000000000000000000000001e44a35add0fe5769630000000000000000000000000000000000000000033b2e3c9fd0803ce80000000000000000000000000000000000000000000000033b2c58559ad26be9a8969d	false
0x7a5fd5cf045e010e62147f065ceae59e5344b188	0x18cc400	0x5ac525fab8d477d81e1579872704781f6be6bd0bdf05c72510754f01aefa1291	0xb61f787cf786f1f1712d4fa3991b51c8a7507ae575f5bccfb750846f05de77d0	0x10c	0xcb0537d5e5dba65a8edbac12555995860e5b8e1b70996011edb1ca8173e56d3c	0x00000000000000000000000000000000000000000000147abb813d2b97f3e0000000000000000000000000000000000000000000033b2e3c9fd0803ce80000000000000000000000000000000000000000000000033b19c1e44f4311500c2000	false
0x7a5fd5cf045e010e62147f065ceae59e5344b188	0x18cc4a9	0x09a43bfaa9692a001a9296b7c83545d7b111357ee3b32b0bfc2ad1870f01ef30	0xd214d12807470e465419efa7909359f8b586dbc93737626006452942d7f9521b	0xe3	0xcb0537d5e5dba65a8edbac12555995860e5b8e1b70996011edb1ca8173e56d3c	0x00000000000000000000000000000000000000000000060507a5f0e9262810000000000000000000000000000000000000000000033b2e3c9fd0803ce80000000000000000000000000000000000000000000000033b2837982a8f53c1d7f000	false
0x7a5fd5cf045e010e62147f065ceae59e5344b188	0x18cc4d7	0x2d4f2a523eea74ec55396fb1eb0c506d8501ff9bb8e61886e858de3e3911a2d3	0x41f26b0cb7f44ea939b375f5978af4e619e529920cb4249c882cf0436a58eb0f	0x37c	0xcb0537d5e5dba65a8edbac12555995860e5b8e1b70996011edb1ca8173e56d3c	0x0000000000000000000000000000000000000000000078f8e478b81913eb75f80000000000000000000000000000000000000000033b2e3c9fd0803ce80000000000000000000000000000000000000000000000033ab543bb57c823d4148a08	false
0x7a5fd5cf045e010e62147f065ceae59e5344b188	0x18cc4e7	0xfdc690f31253f42810272233e2f3d2d477cc7965a385d9fa93aa33ac239bedf7	0x981dc314b816862acb9adc9efaa18895857c23a262f127fce389ce758f93f810	0x413	0xcb0537d5e5dba65a8edbac12555995860e5b8e1b70996011edb1ca8173e56d3c	0x0000000000000000000000000000000000000000000005aa797f4ff69747f0000000000000000000000000000000000000000000033b2e3c9fd0803ce80000000000000000000000000000000000000000000000033b28922651304650b81000	false
0x7a5fd5cf045e010e62147f065ceae59e5344b188	0x18cc500	0x31381c2bd4f23329238678e1a3c9b69a385dcd6f2184b46aae53c496f32edf0f	0x6e860488fb144b2aef3f61144bb42a41e2bfd17a4ff9e30ac148a8c8d24a4bf2	0x3e8	0xcb0537d5e5dba65a8edbac12555995860e5b8e1b70996011edb1ca8173e56d3c	0x000000000000000000000000000000000000000000003518a9afe27182b600b10000000000000000000000000000000000000000033b2e3c9fd0803ce80000000000000000000000000000000000000000000000033af923f6209dcb6549ff4f	false
0x7a5fd5cf045e010e62147f065ceae59e5344b188	0x18cc54b	0x4c147f07da0d1b9560e1e55e961bdf9009ea06e19c0d8db4c5b02c521c6c4b5c	0xeb10e45751360199b7f931d45d7e654d5d9263f5f6d473dd78575743fe9e2805	0xa8	0xcb0537d5e5dba65a8edbac12555995860e5b8e1b70996011edb1ca8173e56d3c	0x000000000000000000000000000000000000000000027c199a3f223fd3cbb0000000000000000000000000000000000000000000033b2e3c9fd0803ce800000000000000000000000000000000000000000000000338b22305915dfd14345000	false
0x7a5fd5cf045e010e62147f065ceae59e5344b188	0x18cc56a	0xde225602391f0109121a5f464ec1f46c4b0458f87194558fb8342735c0e5a9ff	0x938eb85d07e02930964d7745a228388bdf7d448799d6d72375fed26a6d66490b	0x3fc	0xcb0537d5e5dba65a8edbac12555995860e5b8e1b70996011edb1ca8173e56d3c	0x00000000000000000000000000000000000000000000138c6ca2d86b3b59821c0000000000000000000000000000000000000000033b2e3c9fd0803ce80000000000000000000000000000000000000000000000033b1ab0332da7d1aca67de4	false
0x7a5fd5cf045e010e62147f065ceae59e5344b188	0x18cc57a	0x595da309439f9ecd13db37526c33aa916976d3180f971b31828dc0e7754a7cb5	0x74ce21f0559671172b62f8a0b524b68c6f4283d9733750e2255669c89730a768	0x8f	0xcb0537d5e5dba65a8edbac12555995860e5b8e1b70996011edb1ca8173e56d3c	0x00000000000000000000000000000000000000000001a785781f144e9d0cb0000000000000000000000000000000000000000000033b2e3c9fd0803ce80000000000000000000000000000000000000000000000033986b727b16bee4af35000	false
0x7a5fd5cf045e010e62147f065ceae59e5344b188	0x18cc60b	0x3a61307a361f8518c6a16024cde78f29f33477ae16eec5c709e784e577f19284	0xb7c5406ee78d883c50633a824ac383c5836d38e8be4964928ae7b8286f391bed	0x20c	0xcb0537d5e5dba65a8edbac12555995860e5b8e1b70996011edb1ca8173e56d3c	0x0000000000000000000000000000000000000000000076412f1234dc703d70000000000000000000000000000000000000000000033b2e3c9fd0803ce80000000000000000000000000000000000000000000000033ab7fb70be4b6077c29000	false
0x7a5fd5cf045e010e62147f065ceae59e5344b188	0x18cc62f	0xbf01a037e36c2bc8497e69363250f176e7bec48b95d20b32a3e18805af85ea12	0x76ee48d79de052e4fbc9bd8f855d99a6912d2bc709505b5ff80b204ce79a799d	0x27f	0xcb0537d5e5dba65a8edbac12555995860e5b8e1b70996011edb1ca8173e56d3c	0x0000000000000000000000000000000000000000000045da971deeb2cf1b80000000000000000000000000000000000000000000033b2e3c9fd0803ce80000000000000000000000000000000000000000000000033ae86208b2918a18e48000	false
0x7a5fd5cf045e010e62147f065ceae59e5344b188	0x18cc6e4	0x5c7c30406a9ba39e54109ab71b5111895184fcb04a2ed51cfc770c7d076d24ec	0x6b0e4e2ad379c26a52784ad9868a97fa8ab31f1837012d5b68f5d497d67409b5	0x1cd	0xcb0537d5e5dba65a8edbac12555995860e5b8e1b70996011edb1ca8173e56d3c	0x0000000000000000000000000000000000000000000202a049807bbbebbe00000000000000000000000000000000000000000000033b2e3c9fd0803ce8000000000000000000000000000000000000000000000003392b9c56500480fc420000	false
0x7a5fd5cf045e010e62147f065ceae59e5344b188	0x18cc704	0xe07f30a16f8b2a4e75d414b0582f38c07072751d900bb56916b35dacae73dbf4	0x3f8e0c187a334e57a30eb0b2ca4bbf8015fde9d837264fe73c4ce456e53e6dff	0x104	0xcb0537d5e5dba65a8edbac12555995860e5b8e1b70996011edb1ca8173e56d3c	0x000000000000000000000000000000000000000000000c3c954af08b752520000000000000000000000000000000000000000000033b2e3c9fd0803ce80000000000000000000000000000000000000000000000033b22000a858fb172dae000	false
0x7a5fd5cf045e010e62147f065ceae59e5344b188	0x18cc714	0x9da270ce040c526803d3e251b09b455e737b083881a94df54f4e3db2c9fde19d	0xb6f665c42d1933f6a963e38ea0e0ab2f08574118ed7a56eb4979ac4d7f945eb1	0x119	0xcb0537d5e5dba65a8edbac12555995860e5b8e1b70996011edb1ca8173e56d3c	0x000000000000000000000000000000000000000000001c92c95e8e29d40c4ae50000000000000000000000000000000000000000033b2e3c9fd0803ce80000000000000000000000000000000000000000000000033b11a9d671f21313f3b51b	false
0x7a5fd5cf045e010e62147f065ceae59e5344b188	0x18cc732	0xaea9274707921b604e51553179fec1048c73367c7ddcf89b54cb916ae9ade168	0x4569e8dd5c09adf384d42e893ad7912fe9c80d370b8e480bc374ac1e8de5c22c	0x19b	0xcb0537d5e5dba65a8edbac12555995860e5b8e1b70996011edb1ca8173e56d3c	0x0000000000000000000000000000000000000000003f8ce9e924a836d79c94b20000000000000000000000000000000000000000033b2e3c9fd0803ce8000000000000000000000000000000000000000000000002fba152b6abd80610636b4e	false
0x7a5fd5cf045e010e62147f065ceae59e5344b188	0x18cc778	0x31feb7ac1f477c6ab14ba881e8db798dff4efc72c9f86ab43e81c666103b60eb	0xda703e1be0cf2f8eb80e5a07afc04cdbb2d9abf7e9255380a78e197b1d470058	0x43a	0xcb0537d5e5dba65a8edbac12555995860e5b8e1b70996011edb1ca8173e56d3c	0x000000000000000000000000000000000000000000005466e9099404359bc0000000000000000000000000000000000000000000030420fc4cb0aa5f746b8e9e00000000000000000000000000000000000000000303cc9563a7165b3ecfce9e	false
0x7a5fd5cf045e010e62147f065ceae59e5344b188	0x18cc787	0x9def52144d6514c85d3584e29fc38af1607e2a3324dc4a717c890bb9c07e18ca	0xe4f26fc782e3bcc37044aa1f068d528c02544cd31b6caad89d98b12ce3a7278a	0x2e5	0xcb0537d5e5dba65a8edbac12555995860e5b8e1b70996011edb1ca8173e56d3c	0x00000000000000000000000000000000000000000000203bbb7ea5aac06b83a40000000000000000000000000000000000000000030585bf1d95ebf4f8e523e60000000000000000000000000000000000000000030565836217464a3879a042	false
0x7a5fd5cf045e010e62147f065ceae59e5344b188	0x18cc859	0x8a10d931d850725dda764ffad6fbc0dd2d9f52e8d0e60e5f7d43117afd9ac00d	0xcb3828dd8511a23ed112808363ad76de0b4023f71954925b7bbbf769b9ac3fb0	0x1a5	0xcb0537d5e5dba65a8edbac12555995860e5b8e1b70996011edb1ca8173e56d3c	0x00000000000000000000000000000000000000000000490d5a02785f45e5b4b600000000000000000000000000000000000000000322b28f45158f962ee30beb000000000000000000000000000000000000000003226981eb131736e8fd5735	false
0x7a5fd5cf045e010e62147f065ceae59e5344b188	0x18cc8b0	0x8ab0e4ad06f00ad170f85449c182e4d36d86cecfece5f0ff71fceaaa11264e36	0x23e2050b83f2d1788183ff6926a5735ce4267699bc9d467b580426c814d4cd5d	0x74	0xcb0537d5e5dba65a8edbac12555995860e5b8e1b70996011edb1ca8173e56d3c	0x000000000000000000000000000000000000000000000ac7838f547cbc2040000000000000000000000000000000000000000000032c776141e222f073e94c3d0000000000000000000000000000000000000000032c6c99be52ce73b7c90c3d	false
0x7a5fd5cf045e010e62147f065ceae59e5344b188	0x18cc9a2	0xccf69aff1424526ba15ae0a3a02f0117a8d2c6fc6b8df04f1f18adbbd579d122	0xc939afd823f6260d68697e00123f2fc65482e0369a6a94a4b0ac3ae0d38e5615	0x1b0	0xcb0537d5e5dba65a8edbac12555995860e5b8e1b70996011edb1ca8173e56d3c	0x0000000000000000000000000000000000000000000005efb7cac63ec92636ff0000000000000000000000000000000000000000033b2e3c9fd0803ce80000000000000000000000000000000000000000000000033b284ce805b9fe1ed9c901	false
0x7a5fd5cf045e010e62147f065ceae59e5344b188	0x18cc9d2	0x7ddf807d3ca5ea377d32ed00c7e077a50297482b21004d6c1b4ad5da94218ac7	0xb000ab6928d29ba008c144bd713450657fef95b896cff5e77b979465755355ee	0x1bf	0xcb0537d5e5dba65a8edbac12555995860e5b8e1b70996011edb1ca8173e56d3c	0x0000000000000000000000000000000000000000000027289c389ff330a5e0000000000000000000000000000000000000000000033b2e3c9fd0803ce80000000000000000000000000000000000000000000000033b07140397e049b75a2000	false
0x7a5fd5cf045e010e62147f065ceae59e5344b188	0x18cca0e	0x88ab17f858044875ea450b2b62818713cf08dfc6192b7da44cce0593f188c04e	0x6971592a2bbd76951e481f992b7038535ee17f00eb1959ba1a99ca5255574ff2	0x38d	0xcb0537d5e5dba65a8edbac12555995860e5b8e1b70996011edb1ca8173e56d3c	0x00000000000000000000000000000000000000000000c4ae6c764cdf03f8e0000000000000000000000000000000000000000000033b2e3c9fd0803ce80000000000000000000000000000000000000000000000033a698e335a335de4072000	false
0x7a5fd5cf045e010e62147f065ceae59e5344b188	0x18cca44	0xca1f4b1905cf967957bdfadf9e5384c47227901b8a8920e178c10999bc70fa6a	0x7b6ae0fa7b46842d18502f8d2e70936d37661e66470d20cfc7aa1f90a9c22cb9	0x15d	0xcb0537d5e5dba65a8edbac12555995860e5b8e1b70996011edb1ca8173e56d3c	0x00000000000000000000000000000000000000000002fae5da54a505e1bf97cf0000000000000000000000000000000000000000033b2e3c9fd0803ce8000000000000000000000000000000000000000000000003383356c57bdb3706406831	false
0x7a5fd5cf045e010e62147f065ceae59e5344b188	0x18cca77	0x1c2c06577d9b2424d8c608dbe0d4f0409febb6afd68b8875079d0fbe3a895c7a	0xb5d4257a12728da380688f8515d1f56ee82c348800814568d15ef5e389b32ca8	0xb5	0xcb0537d5e5dba65a8edbac12555995860e5b8e1b70996011edb1ca8173e56d3c	0x00000000000000000000000000000000000000000003dbaa40e8aade48af74c00000000000000000000000000000000000000000033b2e3c9fd0803ce80000000000000000000000000000000000000000000000033752925ee7d55e9f508b40	false
0x7a5fd5cf045e010e62147f065ceae59e5344b188	0x18cca87	0xc67d4d33b6793282a07a989a987d7eab5ddb5fe2fb42d7d3deb37d56e531255a	0x4ce0d3f91192a8909eae2ad910f8471790b9f7cdb7531a88b0518bf78bde9d37	0x12e	0xcb0537d5e5dba65a8edbac12555995860e5b8e1b70996011edb1ca8173e56d3c	0x00000000000000000000000000000000000000000000ab3c4a6e28352b219f0f000000000000000000000000000000000000000003392925475e0e8b21896ec0000000000000000000000000000000000000000003387de8fcefe655f667cfb1	false
0x7a5fd5cf045e010e62147f065ceae59e5344b188	0x18cca98	0x4b647f1c71355a8be39847f287e66ba31524876bcc0bf6c9fc408b599b0ec96d	0xf866d5e7331fd7e9b0d8fc194e0420f4f9c4f9e7ceb554be2a9082b085d072e1	0x24e	0xcb0537d5e5dba65a8edbac12555995860e5b8e1b70996011edb1ca8173e56d3c	0x00000000000000000000000000000000000000000000c34c348bc62f154170000000000000000000000000000000000000000000033a71e513ed831540c4416900000000000000000000000000000000000000000339ae98df61bce62b82d169	false
0x7a5fd5cf045e010e62147f065ceae59e5344b188	0x18ccae8	0x84b1f9be02949171eb46037e144734851e0bb2a88c8e1623558253157497cdd3	0xb663f47f2f631a73c2ec6c6fa087787d759cfde78333251078315e8c0f2f6c55	0x26e	0xcb0537d5e5dba65a8edbac12555995860e5b8e1b70996011edb1ca8173e56d3c	0x000000000000000000000000000000000000000000000837d48a4fb08d652fab0000000000000000000000000000000000000000033b2e3c9fd0803ce80000000000000000000000000000000000000000000000033b2604cb46308c5a9ad055	false
0x7a5fd5cf045e010e62147f065ceae59e5344b188	0x18ccb0c	0x9225e1d3ad4b3696c38ca728b72bcd8b745a2568450787f568de11afb392d2a7	0xd6831013fc2e17f466e65164277df35b2d2803dbf3b92ee7f2e0445b2c2b09c8	0xd8	0xcb0537d5e5dba65a8edbac12555995860e5b8e1b70996011edb1ca8173e56d3c	0x0000000000000000000000000000000000000000000020d1323d2c29cb24826b0000000000000000000000000000000000000000033b2e3c9fd0803ce80000000000000000000000000000000000000000000000033b0d6b6d9354131cdb7d95	false
0x7a5fd5cf045e010e62147f065ceae59e5344b188	0x18ccb33	0xefe4d3388bfd63193865f60dfb9ff8a17cedabbee73ea4a01e4d425febcea13b	0x61a3c283ee5371fb32d5ad7975752cbe2248ac84db6f57862d37de798e4f4c25	0x12d	0xcb0537d5e5dba65a8edbac12555995860e5b8e1b70996011edb1ca8173e56d3c	0x0000000000000000000000000000000000000000000024fa8467a576d3b720000000000000000000000000000000000000000000033b2e3c9fd0803ce80000000000000000000000000000000000000000000000033b09421b68dac61448e000	false
0x7a5fd5cf045e010e62147f065ceae59e5344b188	0x18ccb55	0xa57636ada6c8a27bc0591e5e53d0d5ece46bdf235b418dbbdce8ada158317623	0x06a486a92bcc4b0379aa8502dd2ec5e012fba451cbe64fe962a6e6a35d166a1d	0x213	0xcb0537d5e5dba65a8edbac12555995860e5b8e1b70996011edb1ca8173e56d3c	0x000000000000000000000000000000000000000000001d8492bc285c71f3a3100000000000000000000000000000000000000000033b2e3c9fd0803ce80000000000000000000000000000000000000000000000033b10b80d1457e0760c5cf0	false
0x7a5fd5cf045e010e62147f065ceae59e5344b188	0x18ccb64	0x454cb59b13e083cbf06c38112d1d7af550623f637adf1541ffeafedb1547f3b5	0x59cf787656900367b205760e53d63c2d3a7930e6793caa7db3b724ccc617ea9e	0xea	0xcb0537d5e5dba65a8edbac12555995860e5b8e1b70996011edb1ca8173e56d3c	0x000000000000000000000000000000000000000000000be1df07461485d530000000000000000000000000000000000000000000033b2e3c9fd0803ce80000000000000000000000000000000000000000000000033b225ac0c93a28622ad000	false
0x7a5fd5cf045e010e62147f065ceae59e5344b188	0x18ccb73	0xba1a56947c99cf006bd17069eabe275d909f887a98ed35d5f706093bf6ea49c7	0x24770e8b622b8d140337303260cf7a89fa379210a2021eea8148380ec0adc58c	0x1f5	0xcb0537d5e5dba65a8edbac12555995860e5b8e1b70996011edb1ca8173e56d3c	0x000000000000000000000000000000000000000000000cf91a9b2f866eaa63ec0000000000000000000000000000000000000000033b2e3c9fd0803ce80000000000000000000000000000000000000000000000033b2143853550b679559c14	false
0x7a5fd5cf045e010e62147f065ceae59e5344b188	0x18ccbf0	0x58cafe0b743b70885dee7b52a7786816213eba52a3738752689774d0d5c4e3e6	0xa8e75e8e163afd7d81b06c50d19b2d4a8517a19a20bfba4fa1cb265a3c92d6f3	0x1d8	0xcb0537d5e5dba65a8edbac12555995860e5b8e1b70996011edb1ca8173e56d3c	0x000000000000000000000000000000000000000000000d5fbee35922a235c0000000000000000000000000000000000000000000033b2e3c9fd0803ce80000000000000000000000000000000000000000000000033b20dce0ed271a45ca4000	false
0x7a5fd5cf045e010e62147f065ceae59e5344b188	0x18ccc39	0xb0af4a2ed8fc0edd8de538762280e8cca8211e4c132c8736c549114a168d10b9	0xb1b24ab5bfdc447efc3ae453506c9bc0c82b44f117907c741fffe4daa63851fe	0x182	0xcb0537d5e5dba65a8edbac12555995860e5b8e1b70996011edb1ca8173e56d3c	0x000000000000000000000000000000000000000000002a5a058fc295ed0000000000000000000000000000000000000000000000033b2e3c9fd0803ce80000000000000000000000000000000000000000000000033b03e29a40bda6fb000000	false
0x7a5fd5cf045e010e62147f065ceae59e5344b188	0x18ccc49	0xe4a97d16b3bd156e9eb014cb52c3fabac85952cb69ca23aa1e5e4654d8ffc508	0x9c96f137953a95a81537a336a1a6c5f6adf33cf23bca223bd9b4b4024bce6e3e	0x251	0xcb0537d5e5dba65a8edbac12555995860e5b8e1b70996011edb1ca8173e56d3c	0x00000000000000000000000000000000000000000002ac1f77bed7a9092857c80000000000000000000000000000000000000000033b2e3c9fd0803ce800000000000000000000000000000000000000000000000338821d2811a893ded7a838	false
0x7a5fd5cf045e010e62147f065ceae59e5344b188	0x18ccc59	0x90fadcd08f03ce493e4a557ead1d3f87a2f739a25b4f6fd3a3306799b8f11daa	0x78893c4b2561c734f67d5c69e747a4fb763b16998ed82d644965d79a4df0e558	0x222	0xcb0537d5e5dba65a8edbac12555995860e5b8e1b70996011edb1ca8173e56d3c	0x00000000000000000000000000000000000000000000cad83c1afb66c06be0000000000000000000000000000000000000000000033a58b01087e1c061108bb8000000000000000000000000000000000000000003398dd7d46ce659a0a4abb8	false
0x7a5fd5cf045e010e62147f065ceae59e5344b188	0x18ccc69	0x901c10add6a46f1281c88ddd0f293bb9ce52608081d0a13137e0423c6bb28191	0xb8852a3c8ff09a59f57d6e1f741ed81eeb890ae45e5d0f261bd09c98bfc1ed5e	0x83	0xcb0537d5e5dba65a8edbac12555995860e5b8e1b70996011edb1ca8173e56d3c	0x000000000000000000000000000000000000000000002a5a058fc295ed0000000000000000000000000000000000000000000000033b2e3c9fd0803ce80000000000000000000000000000000000000000000000033b03e29a40bda6fb000000	false
0x7a5fd5cf045e010e62147f065ceae59e5344b188	0x18ccc82	0x33901cbff1a3e6ebcd97006900407dc2b11c6d48351ce027b46b07d253609985	0xf61806bf5a30b42599eb9282735289ccbce13069759ab9ecf2cdeed02603f074	0x85	0xcb0537d5e5dba65a8edbac12555995860e5b8e1b70996011edb1ca8173e56d3c	0x00000000000000000000000000000000000000000000ce2855b83c0a7e3d30000000000000000000000000000000000000000000033b2e3c9fd0803ce80000000000000000000000000000000000000000000000033a60144a18443269c2d000	false
0x7a5fd5cf045e010e62147f065ceae59e5344b188	0x18ccc92	0xe3b7f5acda8c48c8df838d86af4006f2cdd53294a6013dba20dac552aa76a780	0x64a0d734580e81e4032e27c5ad6b9321577aea03824d0cdd46953fb0e222629a	0x183	0xcb0537d5e5dba65a8edbac12555995860e5b8e1b70996011edb1ca8173e56d3c	0x000000000000000000000000000000000000000000002a5a058fc295ed0000000000000000000000000000000000000000000000033b2e3c9fd0803ce80000000000000000000000000000000000000000000000033b03e29a40bda6fb000000	false
0x7a5fd5cf045e010e62147f065ceae59e5344b188	0x18cccfb	0x923f755327dd48fba0467b5bdc4f998f762689bd7ef6c01b98de9d276ab82bf3	0x3ef421e80302da649185a277d550aea8dc3d72e2b3a70e83850961f96fbc6ba8	0x295	0xcb0537d5e5dba65a8edbac12555995860e5b8e1b70996011edb1ca8173e56d3c	0x0000000000000000000000000000000000000000000042d031595ad9b22920000000000000000000000000000000000000000000033b2e3c9fd0803ce80000000000000000000000000000000000000000000000033aeb6c6e77256335d6e000	false
0x7a5fd5cf045e010e62147f065ceae59e5344b188	0x18ccd14	0xe4198d916e11303ce3988d32f3bd06724d7ebe3e0a395907925676dd439a482a	0x3e29fcb7ae57eed5c65fe95d63ecc0a7c62033de27ca8eab2a9ad6db4900d2e0	0x56c	0xcb0537d5e5dba65a8edbac12555995860e5b8e1b70996011edb1ca8173e56d3c	0x000000000000000000000000000000000000000000009ed805775af981a067000000000000000000000000000000000000000000033b2e3c9fd0803ce80000000000000000000000000000000000000000000000033a8f649a592543665f9900	false
0x7a5fd5cf045e010e62147f065ceae59e5344b188	0x18ccd41	0xf6fe6ce51a1ebb1effe3f6eb2fa7db20b3db53bf70802184cbda36a24bb262dc	0xeafaee102fc3e989257b25014d51ee164d623e1c73793be13b2e82351b4839fa	0x442	0xcb0537d5e5dba65a8edbac12555995860e5b8e1b70996011edb1ca8173e56d3c	0x0000000000000000000000000000000000000000000835de6e6a1bda848c29c70000000000000000000000000000000000000000033b2e3c9fd0803ce800000000000000000000000000000000000000000000000332f85e316664626373d639	false
0x7a5fd5cf045e010e62147f065ceae59e5344b188	0x18ccd99	0x29aba257e36fff41f23afd9974d46a2f9b4730bdc82cc4b3d53bc5c87aa59c5c	0xc839e13c560163437d3af7658be224d71ad83ec35bcf1ecfec3ee0d733a97264	0x1d8	0xcb0537d5e5dba65a8edbac12555995860e5b8e1b70996011edb1ca8173e56d3c	0x0000000000000000000000000000000000000000000085b95271834185d050000000000000000000000000000000000000000000033b2e3c9fd0803ce80000000000000000000000000000000000000000000000033aa8834d5efcfb622fb000	false
0x7a5fd5cf045e010e62147f065ceae59e5344b188	0x18ccda8	0x7c0a2823a541c52cb1c219730e12b8350ee317f4357e44a4fbce6d0e54d2fe96	0x2bf9c88116645848069f615e12397793fd0d02801f03b883612d713673d5f365	0xb9	0xcb0537d5e5dba65a8edbac12555995860e5b8e1b70996011edb1ca8173e56d3c	0x00000000000000000000000000000000000000000000d95c064dc2f780eaf0000000000000000000000000000000000000000000033b2e3c9fd0803ce80000000000000000000000000000000000000000000000033a54e09982bd4567151000	false
0x7a5fd5cf045e010e62147f065ceae59e5344b188	0x18ccdc6	0x6f68cf2400f0abf0975f17e0d8a8b0d521c28e65aa64925c039c14d6a73a6320	0xee0ad4d3078bf60c5d1a5d7f8e7210834a6e8598306a3424388bcae016fcf876	0x132	0xcb0537d5e5dba65a8edbac12555995860e5b8e1b70996011edb1ca8173e56d3c	0x0000000000000000000000000000000000000000000ca0b7c43ae1baf59e64b50000000000000000000000000000000000000000033b2e3c9fd0803ce80000000000000000000000000000000000000000000000032e8d84db959e81f2619b4b	false
0x7a5fd5cf045e010e62147f065ceae59e5344b188	0x18ccdf8	0x4595b703e56858fdc1dcd76355eb3a43a5ba5912fa79ab3129748fb26329b6b9	0x8b188a8d4f81a617f6ea62db1523a960dabbd6812ffc1857f8a6ec3707e1c639	0x11c	0xcb0537d5e5dba65a8edbac12555995860e5b8e1b70996011edb1ca8173e56d3c	0x000000000000000000000000000000000000000000033ef5e36c0b873c53c132000000000000000000000000000000000000000003344c0ff207112d0953623b000000000000000000000000000000000000000003310d1a0e9b05a5ccffa109	false
0x7a5fd5cf045e010e62147f065ceae59e5344b188	0x18cce99	0x6f5931eb7c27fd44edcf87595de632ac6a29137ac29f86e478ce990a016f410d	0xfbd664b5e628bc39e0c30bb5837c21c0033fc48d3d8f28ee506f5fdb76424b12	0x486	0xcb0537d5e5dba65a8edbac12555995860e5b8e1b70996011edb1ca8173e56d3c	0x000000000000000000000000000000000000000000006737e26b6f3a9757c0000000000000000000000000000000000000000000033b2e3c9fd0803ce80000000000000000000000000000000000000000000000033ac704bd65110250a84000	false
0x7a5fd5cf045e010e62147f065ceae59e5344b188	0x18ccea8	0xdba94b28d8c6ce465a5b7cc3ea9e3ace8096f45266df7e141f3c85977e58d33c	0x089772b0edc9f404461b79288d259c89e9dcb7be74b0d308e283e0a94e73401a	0xe9	0xcb0537d5e5dba65a8edbac12555995860e5b8e1b70996011edb1ca8173e56d3c	0x0000000000000000000000000000000000000000000075a6ffdfea78fd70c3ef0000000000000000000000000000000000000000033b2e3c9fd0803ce80000000000000000000000000000000000000000000000033ab8959ff095c3ea8f3c11	false
0x7a5fd5cf045e010e62147f065ceae59e5344b188	0x18ccec7	0xc2f8812111bce197206f473c79aad04dbac64388b19502ab77eafa9b439234f8	0x3da7f1e2f3a173866e463b589f2fd8a8e5a6f89ce35fcea02746d3fc05e6f055	0x2f1	0xcb0537d5e5dba65a8edbac12555995860e5b8e1b70996011edb1ca8173e56d3c	0x00000000000000000000000000000000000000000000fe234763127da7b9b0000000000000000000000000000000000000000000033b2e3c9fd0803ce80000000000000000000000000000000000000000000000033a3019586d6dbf40465000	false
0x7a5fd5cf045e010e62147f065ceae59e5344b188	0x18ccf56	0x13c623c20c7de611a0cc5e921c0ab8780bcd7dc400f2b100c10a31e38f3d2474	0x506aebd06b7f5ae1c2cb3b4b2a14d4e782fe4ba50547545860e5c46152af61a3	0x28e	0xcb0537d5e5dba65a8edbac12555995860e5b8e1b70996011edb1ca8173e56d3c	0x000000000000000000000000000000000000000000029f91b25b0b75ba4ddcec0000000000000000000000000000000000000000033b2e3c9fd0803ce8000000000000000000000000000000000000000000000003388eaaed7574c72db22314	false
0x7a5fd5cf045e010e62147f065ceae59e5344b188	0x18ccf96	0x740c6da285659518c093092002b4ba9b8ef3683805e9e3f5a3fa604b9a1acb7c	0xd9d97a081d4e1afba3d0efe0fb471455beb02a11a5a09df00067a75855cf3427	0x24a	0xcb0537d5e5dba65a8edbac12555995860e5b8e1b70996011edb1ca8173e56d3c	0x000000000000000000000000000000000000000000002a5a058fc295ed0000000000000000000000000000000000000000000000033b2e3c9fd0803ce80000000000000000000000000000000000000000000000033b03e29a40bda6fb000000	false
0x7a5fd5cf045e010e62147f065ceae59e5344b188	0x18ccfda	0xad706f8eb7473a41ce51bd4ca28921c0ea34c9dcfb7b6c642359b9f053196ab7	0x6461eada2f6420f8fa48c5bfeb21d317a548d717cb05e22094d65615460ef385	0x16d	0xcb0537d5e5dba65a8edbac12555995860e5b8e1b70996011edb1ca8173e56d3c	0x00000000000000000000000000000000000000000000e4b29bed8ebffcd6d0000000000000000000000000000000000000000000033b2e3c9fd0803ce80000000000000000000000000000000000000000000000033a498a03e2f17ceb293000	false
0x7a5fd5cf045e010e62147f065ceae59e5344b188	0x18cd05f	0x0654564828304b7c40bb64f6771aea9f85591694926b38c914dfb4c52e75e9d7	0x9cd373274b0047d3673fcf74e2c7e12e3a4f7d89ed6ece3b556a557a17d6848a	0x1d3	0xcb0537d5e5dba65a8edbac12555995860e5b8e1b70996011edb1ca8173e56d3c	0x000000000000000000000000000000000000000000003cd22e27a51100b5c0000000000000000000000000000000000000000000033b2e3c9fd0803ce80000000000000000000000000000000000000000000000033af16a71a8db2be74a4000	false
0x7a5fd5cf045e010e62147f065ceae59e5344b188	0x18cd06e	0x75ed3ddf3b376b8ed1966fa2c15f1e991deee27163cbb13cbbe2934c82ce45ca	0x2201beca9cbdd8c01767e3667aa66c5d27bc5976a1b05e20e272a11b09adb30e	0xf7	0xcb0537d5e5dba65a8edbac12555995860e5b8e1b70996011edb1ca8173e56d3c	0x0000000000000000000000000000000000000000000063a753e76f5d1e4080650000000000000000000000000000000000000000033b2e3c9fd0803ce80000000000000000000000000000000000000000000000033aca954be910dfc9bf7f9b	false
0x7a5fd5cf045e010e62147f065ceae59e5344b188	0x18cd07f	0x8ad86dd7fe7ccee1701a64ca91131d2e0b324104581a07983a9233bda9a720b2	0x9eb0479d932e4e370435a3a488d1c73bc1834c1491b620ef566bc519c4d5ae5a	0x291	0xcb0537d5e5dba65a8edbac12555995860e5b8e1b70996011edb1ca8173e56d3c	0x000000000000000000000000000000000000000000002a5a058fc295ed0000000000000000000000000000000000000000000000033b2e3c9fd0803ce80000000000000000000000000000000000000000000000033b03e29a40bda6fb000000	false
0x7a5fd5cf045e010e62147f065ceae59e5344b188	0x18cd08f	0x5dd6f1e053689566cca2352db02b8dfc0269db7a1d0d21bbb184e1bd048f7c15	0xac8c985beeed7093e182973236f50fa89ea8246d567bd52767aa4672b37eff54	0x29e	0xcb0537d5e5dba65a8edbac12555995860e5b8e1b70996011edb1ca8173e56d3c	0x000000000000000000000000000000000000000000002a5a058fc295ed0000000000000000000000000000000000000000000000033b2e3c9fd0803ce80000000000000000000000000000000000000000000000033b03e29a40bda6fb000000	false
0x7a5fd5cf045e010e62147f065ceae59e5344b188	0x18cd0af	0x3107a2b7d72f12f37b5c6806dfe23d8cb17ac9d91da0725155ae722c19506182	0x5ff3126c3488d21855563d14d31f4eee69295bfef75cc17cc34b5821c5ae984f	0x235	0xcb0537d5e5dba65a8edbac12555995860e5b8e1b70996011edb1ca8173e56d3c	0x000000000000000000000000000000000000000000002a5a058fc295ed0000000000000000000000000000000000000000000000033b2e3c9fd0803ce80000000000000000000000000000000000000000000000033b03e29a40bda6fb000000	false
0x7a5fd5cf045e010e62147f065ceae59e5344b188	0x18cd0c0	0xac47090a1e99d436c41c8c0a610d6603aaf72c20cc4727c1d229d2f60e0f53bf	0xe10d1fa989a32c51f07ecb7cb21bd8afa0ea98a7865152078fc5e7085fb8b146	0x532	0xcb0537d5e5dba65a8edbac12555995860e5b8e1b70996011edb1ca8173e56d3c	0x000000000000000000000000000000000000000000002a5a058fc295ed0000000000000000000000000000000000000000000000033b2e3c9fd0803ce80000000000000000000000000000000000000000000000033b03e29a40bda6fb000000	false
0x7a5fd5cf045e010e62147f065ceae59e5344b188	0x18cd0ec	0x9df6d8e80a64d068f244367688c928f39183ed7630fde961cfe3224a855e7621	0x99f9672a689572575af6edbe713c98384a13f5293e45626509baebdfa077e3ca	0x1bb	0xcb0537d5e5dba65a8edbac12555995860e5b8e1b70996011edb1ca8173e56d3c	0x000000000000000000000000000000000000000000003e54a457b6f0c437f0000000000000000000000000000000000000000000033b2e3c9fd0803ce80000000000000000000000000000000000000000000000033aefe7fb78c94c23c81000	false
0x7a5fd5cf045e010e62147f065ceae59e5344b188	0x18cd140	0xac66e2b602301110fdbee895a9d65c3e89ab3545e4210bc4b4a1a233b092e379	0x1abe7654179ae90e6c91eb26c3b3dbf7a71d378c1eb51482af9543b628a148aa	0x88	0xcb0537d5e5dba65a8edbac12555995860e5b8e1b70996011edb1ca8173e56d3c	0x000000000000000000000000000000000000000000000109498f067e80e7f8970000000000000000000000000000000000000000033b2e3c9fd0803ce80000000000000000000000000000000000000000000000033b2d33564179be67180769	false
0x7a5fd5cf045e010e62147f065ceae59e5344b188	0x18cd172	0xc5baeddb5989c57f88d3c65771300fd70eb9c372f7a85478b6184bd991a372c2	0xe3f3471dc8a3b7be118fef33f1f2c0ca8f94bb7a5931604a15cdc85557d73a37	0x26a	0xcb0537d5e5dba65a8edbac12555995860e5b8e1b70996011edb1ca8173e56d3c	0x00000000000000000000000000000000000000000002d66f9717b3c0acb1bf990000000000000000000000000000000000000000033b2e3c9fd0803ce80000000000000000000000000000000000000000000000033857cd08b8cc7c3b4e4067	false
0x7a5fd5cf045e010e62147f065ceae59e5344b188	0x18cd182	0xfb5d39e8895a95637aa812a2ce46fe74703daceef993ef34daad49a415cd461f	0x2087702c0e6b397d76c42e501e866196a8f29b8ac5dc614e1a510582d270de00	0x141	0xcb0537d5e5dba65a8edbac12555995860e5b8e1b70996011edb1ca8173e56d3c	0x000000000000000000000000000000000000000000002a5a058fc295ed0000000000000000000000000000000000000000000000033a2e5ff12f05a8bd8723e70000000000000000000000000000000000000000033a0405eb9f4312d08723e7	false
0x7a5fd5cf045e010e62147f065ceae59e5344b188	0x18cd1ac	0x82d5356ce964224eb8b25c4521d04a544ee9adfb2e5acce20fdadf1b1534d346	0x91253ba41b1d44988c45d1c92666f28f4593d9edee27ac23a72d3f8126c4061d	0x19d	0xcb0537d5e5dba65a8edbac12555995860e5b8e1b70996011edb1ca8173e56d3c	0x0000000000000000000000000000000000000000000033e45b48cefd1ef9a0000000000000000000000000000000000000000000033b2e3c9fd0803ce80000000000000000000000000000000000000000000000033afa584487b13fc9066000	false
0x7a5fd5cf045e010e62147f065ceae59e5344b188	0x18cd1c6	0x1ba02843d1c8106aee59f34e89a0eff0e5123805bf07d6a1e9aaf4f30e0d5e1e	0x89e7bdac0df63ae927d2686acbfe43ce97e6cf6747a5c6001d589e679bbc20a9	0xbe	0xcb0537d5e5dba65a8edbac12555995860e5b8e1b70996011edb1ca8173e56d3c	0x000000000000000000000000000000000000000000002a5a058fc295ed0000000000000000000000000000000000000000000000033b2e3c9fd0803ce80000000000000000000000000000000000000000000000033b03e29a40bda6fb000000	false
0x7a5fd5cf045e010e62147f065ceae59e5344b188	0x18cd346	0xea3404b2a98e71eb2b09875761a2ac7821220d2ddb668ec499a784dff70d2ca6	0xd8566307c0dc4c1fce552e755eb38953c01598a4bbf832ab2b763c910783dcd9	0x11e	0xcb0537d5e5dba65a8edbac12555995860e5b8e1b70996011edb1ca8173e56d3c	0x0000000000000000000000000000000000000000000049767119234de56ea0000000000000000000000000000000000000000000033b2e3c9fd0803ce80000000000000000000000000000000000000000000000033ae4c62eb75cef02916000	false
0x7a5fd5cf045e010e62147f065ceae59e5344b188	0x18cd381	0x558297dc17f518a6f43f5c510c2a3f7f11ad921fbbcdc7dcc8edc5ad3e3e46cb	0xc9f161823c05dc09d02f7fabf67702c845cb0dc0eca6f7f795e8916a2d53196f	0x185	0xcb0537d5e5dba65a8edbac12555995860e5b8e1b70996011edb1ca8173e56d3c	0x000000000000000000000000000000000000000000002a5a058fc295ed0000000000000000000000000000000000000000000000033b2e3c9fd0803ce80000000000000000000000000000000000000000000000033b03e29a40bda6fb000000	false
0x7a5fd5cf045e010e62147f065ceae59e5344b188	0x18cd391	0x5ed8cee7576b3601fb676ade3b8808a27ceb5027dea3c07ad9e462023e10d9bb	0x71c612a857ed9e86434ee86ca6e36a3105e38fe3b81d9b4463177dd20e7fba9c	0x25f	0xcb0537d5e5dba65a8edbac12555995860e5b8e1b70996011edb1ca8173e56d3c	0x000000000000000000000000000000000000000000002a5a058fc295ed0000000000000000000000000000000000000000000000033b2e3c9fd0803ce80000000000000000000000000000000000000000000000033b03e29a40bda6fb000000	false
0x7a5fd5cf045e010e62147f065ceae59e5344b188	0x18cd3a0	0x02aec585ba0a277b53d1d56eed2bff3444af4e67a9078a41912adaff96deef8f	0xb87528f32eb0d6625f67fdfdabcb44b43cffd878ff5384e8af78e8c4465b90d7	0x392	0xcb0537d5e5dba65a8edbac12555995860e5b8e1b70996011edb1ca8173e56d3c	0x000000000000000000000000000000000000000000002a5a058fc295ed0000000000000000000000000000000000000000000000033b2e3c9fd0803ce80000000000000000000000000000000000000000000000033b03e29a40bda6fb000000	false
0x7a5fd5cf045e010e62147f065ceae59e5344b188	0x18cd3af	0x186db337129f1aee4935308f10bdaf4f623b56ed1afc3635b44c892738d24068	0x449b1f2aa9c5639e6f8e4aa5e0c5792e551278d0af9e34f973a057d9e1e92199	0x12e	0xcb0537d5e5dba65a8edbac12555995860e5b8e1b70996011edb1ca8173e56d3c	0x000000000000000000000000000000000000000000002a5a058fc295ed0000000000000000000000000000000000000000000000033b2e3c9fd0803ce80000000000000000000000000000000000000000000000033b03e29a40bda6fb000000	false
0x7a5fd5cf045e010e62147f065ceae59e5344b188	0x18cd3be	0xf0bf63a44976ea584d6cb20914b805a22d66658c43a1c8ed915815839313eecb	0xaade239d67441b124901efe34209d5a13c82b5c7c8deb5e3efe3663bd6b7e92b	0x1ed	0xcb0537d5e5dba65a8edbac12555995860e5b8e1b70996011edb1ca8173e56d3c	0x000000000000000000000000000000000000000000002a5a058fc295ed0000000000000000000000000000000000000000000000033b2e3c9fd0803ce80000000000000000000000000000000000000000000000033b03e29a40bda6fb000000	false
0x7a5fd5cf045e010e62147f065ceae59e5344b188	0x18cd3ce	0x36127bf50d3c41ef40793fe9e1b9c5475ec06668f5c554f269bcbd875feb9234	0xd6b2f990f911f7d816df921642664e5d39a85c2b131c02346c0cb124270b2e0b	0x49a	0xcb0537d5e5dba65a8edbac12555995860e5b8e1b70996011edb1ca8173e56d3c	0x000000000000000000000000000000000000000000002a5a058fc295ed0000000000000000000000000000000000000000000000033b2e3c9fd0803ce80000000000000000000000000000000000000000000000033b03e29a40bda6fb000000	false
0x7a5fd5cf045e010e62147f065ceae59e5344b188	0x18cd3dd	0x54a8f0a6a31e8a4a60d24a480bfb02aa19cc9917017d36e45550fbfd5c944e18	0x9f02ad1d8f62eac0d7a7702cec9b0e638b989b7bcad87a19763784ad6ba56050	0x259	0xcb0537d5e5dba65a8edbac12555995860e5b8e1b70996011edb1ca8173e56d3c	0x00000000000000000000000000000000000000000013171dbb3875cd3d2fd9a70000000000000000000000000000000000000000033b2e3c9fd0803ce800000000000000000000000000000000000000000000000328171ee4980a6faad02659	false
0x7a5fd5cf045e010e62147f065ceae59e5344b188	0x18cd3ec	0xd632226c8f8ae841593246d3db26c6687b3edc9c03c31c7ef8d82d3739627c93	0x7be5ec26bee3ed45ae72b27f77841bf138985ea6d40b073380f0b98c9b49810e	0x137	0xcb0537d5e5dba65a8edbac12555995860e5b8e1b70996011edb1ca8173e56d3c	0x000000000000000000000000000000000000000000002a5a058fc295ed00000000000000000000000000000000000000000000000329d0489e86e00964e57ba100000000000000000000000000000000000000000329a5ee98f71d7377e57ba1	false
0x7a5fd5cf045e010e62147f065ceae59e5344b188	0x18cd40a	0xfe7b6765ac72f5a6cb9f733293c0f8fa0c669e1fe0b2403823cf1978ebac38ed	0x911070d54ba0b2664c2188c72f8f2692f912db517111e76d64377bdc690858f4	0x9b	0xcb0537d5e5dba65a8edbac12555995860e5b8e1b70996011edb1ca8173e56d3c	0x000000000000000000000000000000000000000000005e72a961372de7b817e50000000000000000000000000000000000000000032d4c6d10a1e7fd796386310000000000000000000000000000000000000000032cedfa6740b0cf91ab6e4c	false
0x7a5fd5cf045e010e62147f065ceae59e5344b188	0x18cd48a	0x053cfd50fcd0f4c00ed557be59a912e66135132464141b8099878aaad4eb6516	0xa87465e58823a76b8063593894e1171c0bf541ef22b4779c175e24f93d9a5821	0xde	0xcb0537d5e5dba65a8edbac12555995860e5b8e1b70996011edb1ca8173e56d3c	0x000000000000000000000000000000000000000000002a5a058fc295ed0000000000000000000000000000000000000000000000033b2e3c9fd0803ce80000000000000000000000000000000000000000000000033b03e29a40bda6fb000000	false
0x7a5fd5cf045e010e62147f065ceae59e5344b188	0x18cd4a3	0x23e1cff5245860a323e7302d84146f05d2ec99fa857f2efbd813fdf92e83b876	0x34474e8ce423fd8253b31016583e813b2bece778024697815a962ff19744198f	0x190	0xcb0537d5e5dba65a8edbac12555995860e5b8e1b70996011edb1ca8173e56d3c	0x000000000000000000000000000000000000000000001b92e10b0d8749a1e0000000000000000000000000000000000000000000033b2e3c9fd0803ce80000000000000000000000000000000000000000000000033b12a9bec572b59e5e2000	false
0x7a5fd5cf045e010e62147f065ceae59e5344b188	0x18cd4d5	0x0b0608143c9495b69e3ded3e03c60e481fe5a0181aad9cdc570af9cabb3fadd7	0x166aa79db3b09f301f507277d1ee72d8687a41eda28f7b2816c134dc9ac2b5d8	0xde	0xcb0537d5e5dba65a8edbac12555995860e5b8e1b70996011edb1ca8173e56d3c	0x000000000000000000000000000000000000000000002a5a058fc295ed0000000000000000000000000000000000000000000000033b2e3c9fd0803ce80000000000000000000000000000000000000000000000033b03e29a40bda6fb000000	false
0x7a5fd5cf045e010e62147f065ceae59e5344b188	0x18cd731	0xd252754dc50058fc8ceb7548070767ad7b4e58c4c0ae86903d5854b97199d6bc	0xfbf8fbe6e386adb169458b79678caba350b67a75cd84fada7c0cd8857c65b053	0x188	0xcb0537d5e5dba65a8edbac12555995860e5b8e1b70996011edb1ca8173e56d3c	0x00000000000000000000000000000000000000000001739266fccebdac18d0000000000000000000000000000000000000000000033b2e3c9fd0803ce800000000000000000000000000000000000000000000000339baaa38d3b17f3be73000	false
0x7a5fd5cf045e010e62147f065ceae59e5344b188	0x18cd783	0xbf19cf3ac9c2a784ae6e7b9b7205f42de0c7e64e9fb35584a48a7f6b19465682	0x31250eeb33efbbf9e3b83cfb774ea5c4ff88d842fd7293288db9fde33faf9c13	0x2a8	0xcb0537d5e5dba65a8edbac12555995860e5b8e1b70996011edb1ca8173e56d3c	0x0000000000000000000000000000000000000000000023dc52dd3c64886a371e0000000000000000000000000000000000000000033b2e3c9fd0803ce80000000000000000000000000000000000000000000000033b0a604cf343d85f95c8e2	false
0x7a5fd5cf045e010e62147f065ceae59e5344b188	0x18cd802	0xf25d9c6a4b540be51f9783496036009cd875913a8387543d875890b5aefdc50c	0x17d3b23bddfbdab285b011e1c3c766c2f22376a74f131b42035ec2cbb8ade5ef	0xa0	0xcb0537d5e5dba65a8edbac12555995860e5b8e1b70996011edb1ca8173e56d3c	0x00000000000000000000000000000000000000000000174866154530cce865ed0000000000000000000000000000000000000000033b2e3c9fd0803ce80000000000000000000000000000000000000000000000033b16f439bb3b0c1b179a13	false
0x7a5fd5cf045e010e62147f065ceae59e5344b188	0x18cd850	0xb22aa3f1a044a8f7a018cea3e1fde3733b9e5d5299191c1f2ec6f6bb51062365	0x34f3f701c6700d1a3ca88912c56ea4a777132d7686c94faa19b8851c45b74af5	0x176	0xcb0537d5e5dba65a8edbac12555995860e5b8e1b70996011edb1ca8173e56d3c	0x0000000000000000000000000000000000000000000443961a6225899e3a97360000000000000000000000000000000000000000033b2e3c9fd0803ce800000000000000000000000000000000000000000000000336eaa6856e5ab349c568ca	false
